date,ja,en
2021-01-01,元日,New Year's Day
2021-01-11,成人の日,Coming of Age Day
2021-02-11,建国記念の日,National Foundation Day
2021-02-23,天皇誕生日,Emperor's Birthday
2021-03-20,春分の日,Spring Equinox
2021-04-29,昭和の日,Shōwa Day
2021-05-03,憲法記念日,Constitution Memorial Day
2021-05-04,みどりの日,Greenery Day
2021-05-05,こどもの日,Children's Day
2021-07-22,海の日,Sea Day
2021-07-23,スポーツの日,Sports Day
2021-08-08,山の日,Mountain Day
2021-08-09,休日 山の日,Day off for Mountain Day
2021-09-20,敬老の日,Respect for the Aged Day
2021-09-23,秋分の日,Autumn Equinox
2021-11-03,文化の日,Culture Day
2021-11-23,勤労感謝の日,Labor Thanksgiving Day
2022-01-01,元日,New Year's Day
2022-01-10,成人の日,Coming of Age Day
2022-02-11,建国記念の日,National Foundation Day
2022-02-23,天皇誕生日,Emperor's Birthday
2022-03-21,春分の日,Spring Equinox
2022-04-29,昭和の日,Shōwa Day
2022-05-03,憲法記念日,Constitution Memorial Day
2022-05-04,みどりの日,Greenery Day
2022-05-05,こどもの日,Children's Day
2022-07-18,海の日,Sea Day
2022-08-11,山の日,Mountain Day
2022-09-19,敬老の日,Respect for the Aged Day
2022-09-23,秋分の日,Autumn Equinox
2022-10-10,スポーツの日,Sports Day
2022-11-03,文化の日,Culture Day
2022-11-23,勤労感謝の日,Labor Thanksgiving Day
2023-01-01,元日,New Year's Day
2023-01-02,休日 元日,Day off for New Year's Day
2023-01-09,成人の日,Coming of Age Day
2023-02-11,建国記念の日,National Foundation Day
2023-02-23,天皇誕生日,Emperor's Birthday
2023-03-21,春分の日,Spring Equinox
2023-04-29,昭和の日,Shōwa Day
2023-05-03,憲法記念日,Constitution Memorial Day
2023-05-04,みどりの日,Greenery Day
2023-05-05,こどもの日,Children's Day
2023-07-17,海の日,Sea Day
2023-08-11,山の日,Mountain Day
2023-09-18,敬老の日,Respect for the Aged Day
2023-09-23,秋分の日,Autumn Equinox
2023-10-09,スポーツの日,Sports Day
2023-11-03,文化の日,Culture Day
2023-11-23,勤労感謝の日,Labor Thanksgiving Day
2024-01-01,元日,New Year's Day
2024-01-08,成人の日,Coming of Age Day
2024-02-11,建国記念の日,National Foundation Day
2024-02-12,建国記念の日 振替休日,National Foundation Day observed
2024-02-23,天皇誕生日,Emperor's Birthday
2024-03-20,春分の日,Spring Equinox
2024-04-29,昭和の日,Shōwa Day
2024-05-03,憲法記念日,Constitution Memorial Day
2024-05-04,みどりの日,Greenery Day
2024-05-05,こどもの日,Children's Day
2024-05-06,こどもの日 振替休日,Children's Day observed
2024-07-15,海の日,Sea Day
2024-08-11,山の日,Mountain Day
2024-08-12,休日 山の日,Day off for Mountain Day
2024-09-16,敬老の日,Respect for the Aged Day
2024-09-22,秋分の日,Autumn Equinox
2024-09-23,秋分の日 振替休日,Autumn Equinox observed
2024-10-14,スポーツの日,Sports Day
2024-11-03,文化の日,Culture Day
2024-11-04,文化の日 振替休日,Culture Day observed
2024-11-23,勤労感謝の日,Labor Thanksgiving Day
